{"Coordinates": [13.656672157281587, 144.956147902403], "Altitude": 174.96471994786816, "Type": "F18"}