{"Coordinates": [13.59287838602336, 144.94862559268282], "Altitude": 500.63446420326983}