{"Coordinates": [13.656649733970779, 144.95783360895203], "Altitude": 289.80431366429593, "Type": "AV8B"}