{"Coordinates": [13.592239310864269, 144.9469524755777], "Altitude": 755.2204850292429}