{"Coordinates": [13.590003783280563, 144.9435618787821], "Altitude": 855.8204740630849}