{"Coordinates": [13.656864281456352, 144.96277581585085], "Altitude": 5875.418048686289, "Type": "B52"}